{
  "total_questions": 1535,
  "overall": {
    "f1": 0.2505018808780981,
    "bleu1": 0.19989452873235142,
    "judge": 0.7811074918566775
  },
  "by_category": {
    "3": {
      "count": 95,
      "f1": 0.1553496930076537,
      "bleu1": 0.11926066077814454,
      "judge": 0.8421052631578947
    },
    "2": {
      "count": 318,
      "f1": 0.2751301572709668,
      "bleu1": 0.22362833754198333,
      "judge": 0.7327044025157232
    },
    "1": {
      "count": 282,
      "f1": 0.2270202163903774,
      "bleu1": 0.17137220345181148,
      "judge": 0.8475177304964538
    },
    "4": {
      "count": 840,
      "f1": 0.2598227086641662,
      "bleu1": 0.20960424537913594,
      "judge": 0.7702380952380953
    }
  }
}