{
  "total_questions": 1536,
  "overall": {
    "f1": 0.25477262900251446,
    "bleu1": 0.20257339994064885,
    "judge": 0.8020833333333334
  },
  "by_category": {
    "2": {
      "count": 321,
      "f1": 0.2825935331947634,
      "bleu1": 0.23160698230943097,
      "judge": 0.7507788161993769
    },
    "1": {
      "count": 282,
      "f1": 0.22249888945041282,
      "bleu1": 0.16306164857485075,
      "judge": 0.8297872340425532
    },
    "3": {
      "count": 96,
      "f1": 0.1583084144726677,
      "bleu1": 0.12035044963950103,
      "judge": 0.8958333333333334
    },
    "4": {
      "count": 837,
      "f1": 0.2660405488386507,
      "bleu1": 0.21418144913262754,
      "judge": 0.8016726403823178
    }
  }
}